the back light,-MzjyWUWaQ0wAxMTw-V2,2022-04-06 17:24:33.713468UNIT,110
jdkd,-Mzk0btRi7JdTGeTiiGS,2022-04-06 17:24:33.714468UNIT,185
jr,-Mzk0hVAVs5nLCPwQwV_,2022-04-06 17:24:33.714976UNIT,1
3iei,-Mzk555B7EO3T8kI9Th1,2022-04-06 17:24:33.714976UNIT,8
rk,-Mzk5Au79sa1XfazCU-K,2022-04-06 17:24:33.716867UNIT,31
the back light,-MzjyWUWaQ0wAxMTw-V2,2022-04-06 17:24:45.755705UNIT,140
jdkd,-Mzk0btRi7JdTGeTiiGS,2022-04-06 17:24:45.756710UNIT,153
jr,-Mzk0hVAVs5nLCPwQwV_,2022-04-06 17:24:45.757707UNIT,242
3iei,-Mzk555B7EO3T8kI9Th1,2022-04-06 17:24:45.758708UNIT,126
rk,-Mzk5Au79sa1XfazCU-K,2022-04-06 17:24:45.758708UNIT,143
the back light,-MzjyWUWaQ0wAxMTw-V2,2022-04-06 17:24:57.790196UNIT,248
jdkd,-Mzk0btRi7JdTGeTiiGS,2022-04-06 17:24:57.791199UNIT,224
jr,-Mzk0hVAVs5nLCPwQwV_,2022-04-06 17:24:57.791428UNIT,194
3iei,-Mzk555B7EO3T8kI9Th1,2022-04-06 17:24:57.791428UNIT,73
rk,-Mzk5Au79sa1XfazCU-K,2022-04-06 17:24:57.791428UNIT,225
